<annotation>
	<folder>telefveri</folder>
	<filename>10.jpeg</filename>
	<path>/home/berk/Desktop/telefveri/10.jpeg</path>
	<source>
		<database>Unknown</database>
	</source>
	<size>
		<width>268</width>
		<height>188</height>
		<depth>3</depth>
	</size>
	<segmented>0</segmented>
	<object>
		<name>telef</name>
		<pose>Unspecified</pose>
		<truncated>0</truncated>
		<difficult>0</difficult>
		<bndbox>
			<xmin>42</xmin>
			<ymin>60</ymin>
			<xmax>219</xmax>
			<ymax>179</ymax>
		</bndbox>
	</object>
</annotation>
