<annotation>
	<folder>telefveri</folder>
	<filename>101.jpeg</filename>
	<path>/home/berk/Desktop/telefveri/101.jpeg</path>
	<source>
		<database>Unknown</database>
	</source>
	<size>
		<width>540</width>
		<height>959</height>
		<depth>3</depth>
	</size>
	<segmented>0</segmented>
	<object>
		<name>telef</name>
		<pose>Unspecified</pose>
		<truncated>0</truncated>
		<difficult>0</difficult>
		<bndbox>
			<xmin>150</xmin>
			<ymin>271</ymin>
			<xmax>393</xmax>
			<ymax>668</ymax>
		</bndbox>
	</object>
</annotation>
