<annotation>
	<folder>telefveri</folder>
	<filename>102.jpg</filename>
	<path>/home/berk/Desktop/telefveri/102.jpg</path>
	<source>
		<database>Unknown</database>
	</source>
	<size>
		<width>1300</width>
		<height>1390</height>
		<depth>3</depth>
	</size>
	<segmented>0</segmented>
	<object>
		<name>telef</name>
		<pose>Unspecified</pose>
		<truncated>0</truncated>
		<difficult>0</difficult>
		<bndbox>
			<xmin>229</xmin>
			<ymin>254</ymin>
			<xmax>945</xmax>
			<ymax>1110</ymax>
		</bndbox>
	</object>
</annotation>
