<annotation>
	<folder>telefveri</folder>
	<filename>103.jpg</filename>
	<path>/home/berk/Desktop/telefveri/103.jpg</path>
	<source>
		<database>Unknown</database>
	</source>
	<size>
		<width>1280</width>
		<height>720</height>
		<depth>3</depth>
	</size>
	<segmented>0</segmented>
	<object>
		<name>telef</name>
		<pose>Unspecified</pose>
		<truncated>0</truncated>
		<difficult>0</difficult>
		<bndbox>
			<xmin>377</xmin>
			<ymin>135</ymin>
			<xmax>999</xmax>
			<ymax>553</ymax>
		</bndbox>
	</object>
</annotation>
