<annotation>
	<folder>telefveri</folder>
	<filename>104.jpg</filename>
	<path>/home/berk/Desktop/telefveri/104.jpg</path>
	<source>
		<database>Unknown</database>
	</source>
	<size>
		<width>590</width>
		<height>761</height>
		<depth>3</depth>
	</size>
	<segmented>0</segmented>
	<object>
		<name>telef</name>
		<pose>Unspecified</pose>
		<truncated>1</truncated>
		<difficult>0</difficult>
		<bndbox>
			<xmin>12</xmin>
			<ymin>101</ymin>
			<xmax>462</xmax>
			<ymax>761</ymax>
		</bndbox>
	</object>
</annotation>
