<annotation>
	<folder>telefveri</folder>
	<filename>105.jpeg</filename>
	<path>/home/berk/Desktop/telefveri/105.jpeg</path>
	<source>
		<database>Unknown</database>
	</source>
	<size>
		<width>213</width>
		<height>237</height>
		<depth>3</depth>
	</size>
	<segmented>0</segmented>
	<object>
		<name>telef</name>
		<pose>Unspecified</pose>
		<truncated>0</truncated>
		<difficult>0</difficult>
		<bndbox>
			<xmin>25</xmin>
			<ymin>43</ymin>
			<xmax>194</xmax>
			<ymax>210</ymax>
		</bndbox>
	</object>
</annotation>
