<annotation>
	<folder>telefveri</folder>
	<filename>106.jpg</filename>
	<path>/home/berk/Desktop/telefveri/106.jpg</path>
	<source>
		<database>Unknown</database>
	</source>
	<size>
		<width>640</width>
		<height>853</height>
		<depth>3</depth>
	</size>
	<segmented>0</segmented>
	<object>
		<name>telef</name>
		<pose>Unspecified</pose>
		<truncated>0</truncated>
		<difficult>0</difficult>
		<bndbox>
			<xmin>6</xmin>
			<ymin>114</ymin>
			<xmax>617</xmax>
			<ymax>642</ymax>
		</bndbox>
	</object>
</annotation>
