<annotation>
	<folder>telefveri</folder>
	<filename>107.jpg</filename>
	<path>/home/berk/Desktop/telefveri/107.jpg</path>
	<source>
		<database>Unknown</database>
	</source>
	<size>
		<width>903</width>
		<height>900</height>
		<depth>3</depth>
	</size>
	<segmented>0</segmented>
	<object>
		<name>telef</name>
		<pose>Unspecified</pose>
		<truncated>1</truncated>
		<difficult>0</difficult>
		<bndbox>
			<xmin>93</xmin>
			<ymin>91</ymin>
			<xmax>903</xmax>
			<ymax>802</ymax>
		</bndbox>
	</object>
</annotation>
