<annotation>
	<folder>telefveri</folder>
	<filename>108.jpg</filename>
	<path>/home/berk/Desktop/telefveri/108.jpg</path>
	<source>
		<database>Unknown</database>
	</source>
	<size>
		<width>1024</width>
		<height>768</height>
		<depth>3</depth>
	</size>
	<segmented>0</segmented>
	<object>
		<name>telef</name>
		<pose>Unspecified</pose>
		<truncated>0</truncated>
		<difficult>0</difficult>
		<bndbox>
			<xmin>79</xmin>
			<ymin>92</ymin>
			<xmax>1016</xmax>
			<ymax>620</ymax>
		</bndbox>
	</object>
</annotation>
