<annotation>
	<folder>telefveri</folder>
	<filename>109.jpg</filename>
	<path>/home/berk/Desktop/telefveri/109.jpg</path>
	<source>
		<database>Unknown</database>
	</source>
	<size>
		<width>450</width>
		<height>451</height>
		<depth>3</depth>
	</size>
	<segmented>0</segmented>
	<object>
		<name>telef</name>
		<pose>Unspecified</pose>
		<truncated>0</truncated>
		<difficult>0</difficult>
		<bndbox>
			<xmin>32</xmin>
			<ymin>81</ymin>
			<xmax>382</xmax>
			<ymax>345</ymax>
		</bndbox>
	</object>
</annotation>
