<annotation>
	<folder>telefveri</folder>
	<filename>110.jpg</filename>
	<path>/home/berk/Desktop/telefveri/110.jpg</path>
	<source>
		<database>Unknown</database>
	</source>
	<size>
		<width>1300</width>
		<height>1390</height>
		<depth>3</depth>
	</size>
	<segmented>0</segmented>
	<object>
		<name>telef</name>
		<pose>Unspecified</pose>
		<truncated>0</truncated>
		<difficult>0</difficult>
		<bndbox>
			<xmin>335</xmin>
			<ymin>243</ymin>
			<xmax>1096</xmax>
			<ymax>1121</ymax>
		</bndbox>
	</object>
</annotation>
