<annotation>
	<folder>telefveri</folder>
	<filename>111.jpg</filename>
	<path>/home/berk/Desktop/telefveri/111.jpg</path>
	<source>
		<database>Unknown</database>
	</source>
	<size>
		<width>1300</width>
		<height>866</height>
		<depth>3</depth>
	</size>
	<segmented>0</segmented>
	<object>
		<name>telef</name>
		<pose>Unspecified</pose>
		<truncated>0</truncated>
		<difficult>0</difficult>
		<bndbox>
			<xmin>102</xmin>
			<ymin>250</ymin>
			<xmax>1167</xmax>
			<ymax>705</ymax>
		</bndbox>
	</object>
</annotation>
