<annotation>
	<folder>telefveri</folder>
	<filename>112.jpg</filename>
	<path>/home/berk/Desktop/telefveri/112.jpg</path>
	<source>
		<database>Unknown</database>
	</source>
	<size>
		<width>1000</width>
		<height>750</height>
		<depth>3</depth>
	</size>
	<segmented>0</segmented>
	<object>
		<name>telef</name>
		<pose>Unspecified</pose>
		<truncated>0</truncated>
		<difficult>0</difficult>
		<bndbox>
			<xmin>64</xmin>
			<ymin>111</ymin>
			<xmax>909</xmax>
			<ymax>694</ymax>
		</bndbox>
	</object>
</annotation>
