<annotation>
	<folder>telefveri</folder>
	<filename>113.jpg</filename>
	<path>/home/berk/Desktop/telefveri/113.jpg</path>
	<source>
		<database>Unknown</database>
	</source>
	<size>
		<width>800</width>
		<height>600</height>
		<depth>3</depth>
	</size>
	<segmented>0</segmented>
	<object>
		<name>telef</name>
		<pose>Unspecified</pose>
		<truncated>1</truncated>
		<difficult>0</difficult>
		<bndbox>
			<xmin>20</xmin>
			<ymin>62</ymin>
			<xmax>800</xmax>
			<ymax>494</ymax>
		</bndbox>
	</object>
</annotation>
