<annotation>
	<folder>telefveri</folder>
	<filename>114.jpg</filename>
	<path>/home/berk/Desktop/telefveri/114.jpg</path>
	<source>
		<database>Unknown</database>
	</source>
	<size>
		<width>1300</width>
		<height>866</height>
		<depth>3</depth>
	</size>
	<segmented>0</segmented>
	<object>
		<name>telef</name>
		<pose>Unspecified</pose>
		<truncated>0</truncated>
		<difficult>0</difficult>
		<bndbox>
			<xmin>292</xmin>
			<ymin>314</ymin>
			<xmax>1063</xmax>
			<ymax>672</ymax>
		</bndbox>
	</object>
</annotation>
