<annotation>
	<folder>telefveri</folder>
	<filename>115.jpg</filename>
	<path>/home/berk/Desktop/telefveri/115.jpg</path>
	<source>
		<database>Unknown</database>
	</source>
	<size>
		<width>612</width>
		<height>459</height>
		<depth>3</depth>
	</size>
	<segmented>0</segmented>
	<object>
		<name>telef</name>
		<pose>Unspecified</pose>
		<truncated>1</truncated>
		<difficult>0</difficult>
		<bndbox>
			<xmin>30</xmin>
			<ymin>48</ymin>
			<xmax>612</xmax>
			<ymax>437</ymax>
		</bndbox>
	</object>
</annotation>
