<annotation>
	<folder>telefveri</folder>
	<filename>116.jpg</filename>
	<path>/home/berk/Desktop/telefveri/116.jpg</path>
	<source>
		<database>Unknown</database>
	</source>
	<size>
		<width>590</width>
		<height>350</height>
		<depth>3</depth>
	</size>
	<segmented>0</segmented>
	<object>
		<name>telef</name>
		<pose>Unspecified</pose>
		<truncated>0</truncated>
		<difficult>0</difficult>
		<bndbox>
			<xmin>66</xmin>
			<ymin>38</ymin>
			<xmax>573</xmax>
			<ymax>318</ymax>
		</bndbox>
	</object>
</annotation>
