<annotation>
	<folder>telefveri</folder>
	<filename>117.jpeg</filename>
	<path>/home/berk/Desktop/telefveri/117.jpeg</path>
	<source>
		<database>Unknown</database>
	</source>
	<size>
		<width>206</width>
		<height>245</height>
		<depth>3</depth>
	</size>
	<segmented>0</segmented>
	<object>
		<name>telef</name>
		<pose>Unspecified</pose>
		<truncated>0</truncated>
		<difficult>0</difficult>
		<bndbox>
			<xmin>42</xmin>
			<ymin>46</ymin>
			<xmax>152</xmax>
			<ymax>197</ymax>
		</bndbox>
	</object>
</annotation>
