<annotation>
	<folder>telefveri</folder>
	<filename>119.jpg</filename>
	<path>/home/berk/Desktop/telefveri/119.jpg</path>
	<source>
		<database>Unknown</database>
	</source>
	<size>
		<width>527</width>
		<height>516</height>
		<depth>3</depth>
	</size>
	<segmented>0</segmented>
	<object>
		<name>telef</name>
		<pose>Unspecified</pose>
		<truncated>0</truncated>
		<difficult>0</difficult>
		<bndbox>
			<xmin>171</xmin>
			<ymin>89</ymin>
			<xmax>439</xmax>
			<ymax>303</ymax>
		</bndbox>
	</object>
</annotation>
