<annotation>
	<folder>telefveri</folder>
	<filename>12.jpg</filename>
	<path>/home/berk/Desktop/telefveri/12.jpg</path>
	<source>
		<database>Unknown</database>
	</source>
	<size>
		<width>1280</width>
		<height>720</height>
		<depth>3</depth>
	</size>
	<segmented>0</segmented>
	<object>
		<name>telef</name>
		<pose>Unspecified</pose>
		<truncated>0</truncated>
		<difficult>0</difficult>
		<bndbox>
			<xmin>453</xmin>
			<ymin>368</ymin>
			<xmax>736</xmax>
			<ymax>522</ymax>
		</bndbox>
	</object>
</annotation>
