<annotation>
	<folder>telefveri</folder>
	<filename>121.jpg</filename>
	<path>/home/berk/Desktop/telefveri/121.jpg</path>
	<source>
		<database>Unknown</database>
	</source>
	<size>
		<width>397</width>
		<height>327</height>
		<depth>3</depth>
	</size>
	<segmented>0</segmented>
	<object>
		<name>telef</name>
		<pose>Unspecified</pose>
		<truncated>0</truncated>
		<difficult>0</difficult>
		<bndbox>
			<xmin>69</xmin>
			<ymin>99</ymin>
			<xmax>362</xmax>
			<ymax>264</ymax>
		</bndbox>
	</object>
</annotation>
