<annotation>
	<folder>telefveri</folder>
	<filename>122.jpg</filename>
	<path>/home/berk/Desktop/telefveri/122.jpg</path>
	<source>
		<database>Unknown</database>
	</source>
	<size>
		<width>985</width>
		<height>553</height>
		<depth>3</depth>
	</size>
	<segmented>0</segmented>
	<object>
		<name>telef</name>
		<pose>Unspecified</pose>
		<truncated>1</truncated>
		<difficult>0</difficult>
		<bndbox>
			<xmin>13</xmin>
			<ymin>1</ymin>
			<xmax>722</xmax>
			<ymax>550</ymax>
		</bndbox>
	</object>
</annotation>
