<annotation>
	<folder>telefveri</folder>
	<filename>123.jpeg</filename>
	<path>/home/berk/Desktop/telefveri/123.jpeg</path>
	<source>
		<database>Unknown</database>
	</source>
	<size>
		<width>299</width>
		<height>168</height>
		<depth>3</depth>
	</size>
	<segmented>0</segmented>
	<object>
		<name>telef</name>
		<pose>Unspecified</pose>
		<truncated>0</truncated>
		<difficult>0</difficult>
		<bndbox>
			<xmin>25</xmin>
			<ymin>77</ymin>
			<xmax>248</xmax>
			<ymax>167</ymax>
		</bndbox>
	</object>
</annotation>
