<annotation>
	<folder>telefveri</folder>
	<filename>124.jpg</filename>
	<path>/home/berk/Desktop/telefveri/124.jpg</path>
	<source>
		<database>Unknown</database>
	</source>
	<size>
		<width>1024</width>
		<height>768</height>
		<depth>3</depth>
	</size>
	<segmented>0</segmented>
	<object>
		<name>telef</name>
		<pose>Unspecified</pose>
		<truncated>1</truncated>
		<difficult>0</difficult>
		<bndbox>
			<xmin>82</xmin>
			<ymin>180</ymin>
			<xmax>1024</xmax>
			<ymax>586</ymax>
		</bndbox>
	</object>
</annotation>
