<annotation>
	<folder>telefveri</folder>
	<filename>126.jpg</filename>
	<path>/home/berk/Desktop/telefveri/126.jpg</path>
	<source>
		<database>Unknown</database>
	</source>
	<size>
		<width>1862</width>
		<height>1048</height>
		<depth>3</depth>
	</size>
	<segmented>0</segmented>
	<object>
		<name>telef</name>
		<pose>Unspecified</pose>
		<truncated>1</truncated>
		<difficult>0</difficult>
		<bndbox>
			<xmin>18</xmin>
			<ymin>381</ymin>
			<xmax>1508</xmax>
			<ymax>1048</ymax>
		</bndbox>
	</object>
</annotation>
