<annotation>
	<folder>telefveri</folder>
	<filename>128.jpg</filename>
	<path>/home/berk/Desktop/telefveri/128.jpg</path>
	<source>
		<database>Unknown</database>
	</source>
	<size>
		<width>866</width>
		<height>1390</height>
		<depth>3</depth>
	</size>
	<segmented>0</segmented>
	<object>
		<name>telef</name>
		<pose>Unspecified</pose>
		<truncated>1</truncated>
		<difficult>0</difficult>
		<bndbox>
			<xmin>1</xmin>
			<ymin>101</ymin>
			<xmax>737</xmax>
			<ymax>1220</ymax>
		</bndbox>
	</object>
</annotation>
