<annotation>
	<folder>telefveri</folder>
	<filename>129.jpg</filename>
	<path>/home/berk/Desktop/telefveri/129.jpg</path>
	<source>
		<database>Unknown</database>
	</source>
	<size>
		<width>760</width>
		<height>303</height>
		<depth>3</depth>
	</size>
	<segmented>0</segmented>
	<object>
		<name>telef</name>
		<pose>Unspecified</pose>
		<truncated>1</truncated>
		<difficult>0</difficult>
		<bndbox>
			<xmin>178</xmin>
			<ymin>86</ymin>
			<xmax>531</xmax>
			<ymax>303</ymax>
		</bndbox>
	</object>
</annotation>
