<annotation>
	<folder>telefveri</folder>
	<filename>13.jpg</filename>
	<path>/home/berk/Desktop/telefveri/13.jpg</path>
	<source>
		<database>Unknown</database>
	</source>
	<size>
		<width>700</width>
		<height>384</height>
		<depth>3</depth>
	</size>
	<segmented>0</segmented>
	<object>
		<name>telef</name>
		<pose>Unspecified</pose>
		<truncated>1</truncated>
		<difficult>0</difficult>
		<bndbox>
			<xmin>224</xmin>
			<ymin>177</ymin>
			<xmax>428</xmax>
			<ymax>384</ymax>
		</bndbox>
	</object>
</annotation>
