<annotation>
	<folder>telefveri</folder>
	<filename>130.jpg</filename>
	<path>/home/berk/Desktop/telefveri/130.jpg</path>
	<source>
		<database>Unknown</database>
	</source>
	<size>
		<width>790</width>
		<height>593</height>
		<depth>3</depth>
	</size>
	<segmented>0</segmented>
	<object>
		<name>telef</name>
		<pose>Unspecified</pose>
		<truncated>0</truncated>
		<difficult>0</difficult>
		<bndbox>
			<xmin>58</xmin>
			<ymin>88</ymin>
			<xmax>668</xmax>
			<ymax>461</ymax>
		</bndbox>
	</object>
</annotation>
