<annotation>
	<folder>telefveri</folder>
	<filename>131.jpeg</filename>
	<path>/home/berk/Desktop/telefveri/131.jpeg</path>
	<source>
		<database>Unknown</database>
	</source>
	<size>
		<width>311</width>
		<height>162</height>
		<depth>3</depth>
	</size>
	<segmented>0</segmented>
	<object>
		<name>telef</name>
		<pose>Unspecified</pose>
		<truncated>0</truncated>
		<difficult>0</difficult>
		<bndbox>
			<xmin>14</xmin>
			<ymin>38</ymin>
			<xmax>296</xmax>
			<ymax>137</ymax>
		</bndbox>
	</object>
</annotation>
