<annotation>
	<folder>telefveri</folder>
	<filename>132.jpg</filename>
	<path>/home/berk/Desktop/telefveri/132.jpg</path>
	<source>
		<database>Unknown</database>
	</source>
	<size>
		<width>1280</width>
		<height>720</height>
		<depth>3</depth>
	</size>
	<segmented>0</segmented>
	<object>
		<name>telef</name>
		<pose>Unspecified</pose>
		<truncated>1</truncated>
		<difficult>0</difficult>
		<bndbox>
			<xmin>67</xmin>
			<ymin>1</ymin>
			<xmax>1103</xmax>
			<ymax>709</ymax>
		</bndbox>
	</object>
</annotation>
