<annotation>
	<folder>telefveri</folder>
	<filename>133.jpeg</filename>
	<path>/home/berk/Desktop/telefveri/133.jpeg</path>
	<source>
		<database>Unknown</database>
	</source>
	<size>
		<width>299</width>
		<height>168</height>
		<depth>3</depth>
	</size>
	<segmented>0</segmented>
	<object>
		<name>telef</name>
		<pose>Unspecified</pose>
		<truncated>0</truncated>
		<difficult>0</difficult>
		<bndbox>
			<xmin>10</xmin>
			<ymin>48</ymin>
			<xmax>228</xmax>
			<ymax>156</ymax>
		</bndbox>
	</object>
</annotation>
