<annotation>
	<folder>telefveri</folder>
	<filename>135.jpeg</filename>
	<path>/home/berk/Desktop/telefveri/135.jpeg</path>
	<source>
		<database>Unknown</database>
	</source>
	<size>
		<width>168</width>
		<height>300</height>
		<depth>3</depth>
	</size>
	<segmented>0</segmented>
	<object>
		<name>telef</name>
		<pose>Unspecified</pose>
		<truncated>0</truncated>
		<difficult>0</difficult>
		<bndbox>
			<xmin>2</xmin>
			<ymin>51</ymin>
			<xmax>156</xmax>
			<ymax>256</ymax>
		</bndbox>
	</object>
</annotation>
