<annotation>
	<folder>telefveri</folder>
	<filename>137.jpeg</filename>
	<path>/home/berk/Desktop/telefveri/137.jpeg</path>
	<source>
		<database>Unknown</database>
	</source>
	<size>
		<width>259</width>
		<height>194</height>
		<depth>3</depth>
	</size>
	<segmented>0</segmented>
	<object>
		<name>telef</name>
		<pose>Unspecified</pose>
		<truncated>0</truncated>
		<difficult>0</difficult>
		<bndbox>
			<xmin>16</xmin>
			<ymin>72</ymin>
			<xmax>216</xmax>
			<ymax>144</ymax>
		</bndbox>
	</object>
</annotation>
