<annotation>
	<folder>telefveri</folder>
	<filename>138.jpg</filename>
	<path>/home/berk/Desktop/telefveri/138.jpg</path>
	<source>
		<database>Unknown</database>
	</source>
	<size>
		<width>1600</width>
		<height>1200</height>
		<depth>3</depth>
	</size>
	<segmented>0</segmented>
	<object>
		<name>telef</name>
		<pose>Unspecified</pose>
		<truncated>0</truncated>
		<difficult>0</difficult>
		<bndbox>
			<xmin>81</xmin>
			<ymin>254</ymin>
			<xmax>1368</xmax>
			<ymax>1031</ymax>
		</bndbox>
	</object>
</annotation>
