<annotation>
	<folder>telefveri</folder>
	<filename>14.jpg</filename>
	<path>/home/berk/Desktop/telefveri/14.jpg</path>
	<source>
		<database>Unknown</database>
	</source>
	<size>
		<width>1200</width>
		<height>900</height>
		<depth>3</depth>
	</size>
	<segmented>0</segmented>
	<object>
		<name>telef</name>
		<pose>Unspecified</pose>
		<truncated>0</truncated>
		<difficult>0</difficult>
		<bndbox>
			<xmin>61</xmin>
			<ymin>379</ymin>
			<xmax>938</xmax>
			<ymax>756</ymax>
		</bndbox>
	</object>
</annotation>
