<annotation>
	<folder>telefveri</folder>
	<filename>141.jpg</filename>
	<path>/home/berk/Desktop/telefveri/141.jpg</path>
	<source>
		<database>Unknown</database>
	</source>
	<size>
		<width>960</width>
		<height>540</height>
		<depth>3</depth>
	</size>
	<segmented>0</segmented>
	<object>
		<name>telef</name>
		<pose>Unspecified</pose>
		<truncated>1</truncated>
		<difficult>0</difficult>
		<bndbox>
			<xmin>98</xmin>
			<ymin>280</ymin>
			<xmax>773</xmax>
			<ymax>540</ymax>
		</bndbox>
	</object>
</annotation>
