<annotation>
	<folder>telefveri</folder>
	<filename>142.jpg</filename>
	<path>/home/berk/Desktop/telefveri/142.jpg</path>
	<source>
		<database>Unknown</database>
	</source>
	<size>
		<width>360</width>
		<height>240</height>
		<depth>3</depth>
	</size>
	<segmented>0</segmented>
	<object>
		<name>telef</name>
		<pose>Unspecified</pose>
		<truncated>0</truncated>
		<difficult>0</difficult>
		<bndbox>
			<xmin>91</xmin>
			<ymin>142</ymin>
			<xmax>241</xmax>
			<ymax>197</ymax>
		</bndbox>
	</object>
</annotation>
