<annotation>
	<folder>telefveri</folder>
	<filename>143.jpeg</filename>
	<path>/home/berk/Desktop/telefveri/143.jpeg</path>
	<source>
		<database>Unknown</database>
	</source>
	<size>
		<width>259</width>
		<height>194</height>
		<depth>3</depth>
	</size>
	<segmented>0</segmented>
	<object>
		<name>telef</name>
		<pose>Unspecified</pose>
		<truncated>0</truncated>
		<difficult>0</difficult>
		<bndbox>
			<xmin>28</xmin>
			<ymin>51</ymin>
			<xmax>223</xmax>
			<ymax>146</ymax>
		</bndbox>
	</object>
</annotation>
