<annotation>
	<folder>telefveri</folder>
	<filename>144.jpg</filename>
	<path>/home/berk/Desktop/telefveri/144.jpg</path>
	<source>
		<database>Unknown</database>
	</source>
	<size>
		<width>900</width>
		<height>675</height>
		<depth>3</depth>
	</size>
	<segmented>0</segmented>
	<object>
		<name>telef</name>
		<pose>Unspecified</pose>
		<truncated>0</truncated>
		<difficult>0</difficult>
		<bndbox>
			<xmin>59</xmin>
			<ymin>49</ymin>
			<xmax>855</xmax>
			<ymax>671</ymax>
		</bndbox>
	</object>
</annotation>
