<annotation>
	<folder>telefveri</folder>
	<filename>145.jpg</filename>
	<path>/home/berk/Desktop/telefveri/145.jpg</path>
	<source>
		<database>Unknown</database>
	</source>
	<size>
		<width>904</width>
		<height>678</height>
		<depth>3</depth>
	</size>
	<segmented>0</segmented>
	<object>
		<name>telef</name>
		<pose>Unspecified</pose>
		<truncated>1</truncated>
		<difficult>0</difficult>
		<bndbox>
			<xmin>135</xmin>
			<ymin>121</ymin>
			<xmax>817</xmax>
			<ymax>678</ymax>
		</bndbox>
	</object>
</annotation>
