<annotation>
	<folder>telefveri</folder>
	<filename>146.jpg</filename>
	<path>/home/berk/Desktop/telefveri/146.jpg</path>
	<source>
		<database>Unknown</database>
	</source>
	<size>
		<width>1300</width>
		<height>956</height>
		<depth>3</depth>
	</size>
	<segmented>0</segmented>
	<object>
		<name>telef</name>
		<pose>Unspecified</pose>
		<truncated>0</truncated>
		<difficult>0</difficult>
		<bndbox>
			<xmin>282</xmin>
			<ymin>211</ymin>
			<xmax>1086</xmax>
			<ymax>808</ymax>
		</bndbox>
	</object>
</annotation>
