<annotation>
	<folder>telefveri</folder>
	<filename>147.jpg</filename>
	<path>/home/berk/Desktop/telefveri/147.jpg</path>
	<source>
		<database>Unknown</database>
	</source>
	<size>
		<width>1000</width>
		<height>653</height>
		<depth>3</depth>
	</size>
	<segmented>0</segmented>
	<object>
		<name>telef</name>
		<pose>Unspecified</pose>
		<truncated>0</truncated>
		<difficult>0</difficult>
		<bndbox>
			<xmin>32</xmin>
			<ymin>61</ymin>
			<xmax>930</xmax>
			<ymax>621</ymax>
		</bndbox>
	</object>
</annotation>
