<annotation>
	<folder>telefveri</folder>
	<filename>148.jpg</filename>
	<path>/home/berk/Desktop/telefveri/148.jpg</path>
	<source>
		<database>Unknown</database>
	</source>
	<size>
		<width>773</width>
		<height>455</height>
		<depth>3</depth>
	</size>
	<segmented>0</segmented>
	<object>
		<name>telef</name>
		<pose>Unspecified</pose>
		<truncated>0</truncated>
		<difficult>0</difficult>
		<bndbox>
			<xmin>7</xmin>
			<ymin>73</ymin>
			<xmax>677</xmax>
			<ymax>454</ymax>
		</bndbox>
	</object>
</annotation>
