<annotation>
	<folder>telefveri</folder>
	<filename>149.jpg</filename>
	<path>/home/berk/Desktop/telefveri/149.jpg</path>
	<source>
		<database>Unknown</database>
	</source>
	<size>
		<width>400</width>
		<height>267</height>
		<depth>3</depth>
	</size>
	<segmented>0</segmented>
	<object>
		<name>telef</name>
		<pose>Unspecified</pose>
		<truncated>0</truncated>
		<difficult>0</difficult>
		<bndbox>
			<xmin>136</xmin>
			<ymin>138</ymin>
			<xmax>237</xmax>
			<ymax>225</ymax>
		</bndbox>
	</object>
</annotation>
