<annotation>
	<folder>telefveri</folder>
	<filename>15.jpg</filename>
	<path>/home/berk/Desktop/telefveri/15.jpg</path>
	<source>
		<database>Unknown</database>
	</source>
	<size>
		<width>364</width>
		<height>330</height>
		<depth>3</depth>
	</size>
	<segmented>0</segmented>
	<object>
		<name>telef</name>
		<pose>Unspecified</pose>
		<truncated>0</truncated>
		<difficult>0</difficult>
		<bndbox>
			<xmin>34</xmin>
			<ymin>138</ymin>
			<xmax>321</xmax>
			<ymax>329</ymax>
		</bndbox>
	</object>
</annotation>
