<annotation>
	<folder>telefveri</folder>
	<filename>151.jpg</filename>
	<path>/home/berk/Desktop/telefveri/151.jpg</path>
	<source>
		<database>Unknown</database>
	</source>
	<size>
		<width>702</width>
		<height>459</height>
		<depth>3</depth>
	</size>
	<segmented>0</segmented>
	<object>
		<name>telef</name>
		<pose>Unspecified</pose>
		<truncated>1</truncated>
		<difficult>0</difficult>
		<bndbox>
			<xmin>82</xmin>
			<ymin>30</ymin>
			<xmax>702</xmax>
			<ymax>458</ymax>
		</bndbox>
	</object>
</annotation>
