<annotation>
	<folder>telefveri</folder>
	<filename>152.jpg</filename>
	<path>/home/berk/Desktop/telefveri/152.jpg</path>
	<source>
		<database>Unknown</database>
	</source>
	<size>
		<width>274</width>
		<height>300</height>
		<depth>3</depth>
	</size>
	<segmented>0</segmented>
	<object>
		<name>telef</name>
		<pose>Unspecified</pose>
		<truncated>0</truncated>
		<difficult>0</difficult>
		<bndbox>
			<xmin>17</xmin>
			<ymin>76</ymin>
			<xmax>258</xmax>
			<ymax>198</ymax>
		</bndbox>
	</object>
</annotation>
