<annotation>
	<folder>telefveri</folder>
	<filename>153.jpg</filename>
	<path>/home/berk/Desktop/telefveri/153.jpg</path>
	<source>
		<database>Unknown</database>
	</source>
	<size>
		<width>670</width>
		<height>310</height>
		<depth>3</depth>
	</size>
	<segmented>0</segmented>
	<object>
		<name>telef</name>
		<pose>Unspecified</pose>
		<truncated>1</truncated>
		<difficult>0</difficult>
		<bndbox>
			<xmin>127</xmin>
			<ymin>1</ymin>
			<xmax>581</xmax>
			<ymax>308</ymax>
		</bndbox>
	</object>
</annotation>
