<annotation>
	<folder>telefveri</folder>
	<filename>154.jpg</filename>
	<path>/home/berk/Desktop/telefveri/154.jpg</path>
	<source>
		<database>Unknown</database>
	</source>
	<size>
		<width>550</width>
		<height>440</height>
		<depth>3</depth>
	</size>
	<segmented>0</segmented>
	<object>
		<name>telef</name>
		<pose>Unspecified</pose>
		<truncated>0</truncated>
		<difficult>0</difficult>
		<bndbox>
			<xmin>131</xmin>
			<ymin>22</ymin>
			<xmax>481</xmax>
			<ymax>394</ymax>
		</bndbox>
	</object>
</annotation>
