<annotation>
	<folder>telefveri</folder>
	<filename>155.jpg</filename>
	<path>/home/berk/Desktop/telefveri/155.jpg</path>
	<source>
		<database>Unknown</database>
	</source>
	<size>
		<width>285</width>
		<height>195</height>
		<depth>3</depth>
	</size>
	<segmented>0</segmented>
	<object>
		<name>telef</name>
		<pose>Unspecified</pose>
		<truncated>1</truncated>
		<difficult>0</difficult>
		<bndbox>
			<xmin>1</xmin>
			<ymin>25</ymin>
			<xmax>284</xmax>
			<ymax>195</ymax>
		</bndbox>
	</object>
</annotation>
