<annotation>
	<folder>telefveri</folder>
	<filename>156.jpg</filename>
	<path>/home/berk/Desktop/telefveri/156.jpg</path>
	<source>
		<database>Unknown</database>
	</source>
	<size>
		<width>1200</width>
		<height>675</height>
		<depth>3</depth>
	</size>
	<segmented>0</segmented>
	<object>
		<name>telef</name>
		<pose>Unspecified</pose>
		<truncated>0</truncated>
		<difficult>0</difficult>
		<bndbox>
			<xmin>593</xmin>
			<ymin>480</ymin>
			<xmax>1065</xmax>
			<ymax>670</ymax>
		</bndbox>
	</object>
</annotation>
