<annotation>
	<folder>telefveri</folder>
	<filename>158.jpg</filename>
	<path>/home/berk/Desktop/telefveri/158.jpg</path>
	<source>
		<database>Unknown</database>
	</source>
	<size>
		<width>480</width>
		<height>250</height>
		<depth>3</depth>
	</size>
	<segmented>0</segmented>
	<object>
		<name>telef</name>
		<pose>Unspecified</pose>
		<truncated>0</truncated>
		<difficult>0</difficult>
		<bndbox>
			<xmin>48</xmin>
			<ymin>10</ymin>
			<xmax>413</xmax>
			<ymax>249</ymax>
		</bndbox>
	</object>
</annotation>
