<annotation>
	<folder>telefveri</folder>
	<filename>159.jpg</filename>
	<path>/home/berk/Desktop/telefveri/159.jpg</path>
	<source>
		<database>Unknown</database>
	</source>
	<size>
		<width>320</width>
		<height>241</height>
		<depth>3</depth>
	</size>
	<segmented>0</segmented>
	<object>
		<name>telef</name>
		<pose>Unspecified</pose>
		<truncated>1</truncated>
		<difficult>0</difficult>
		<bndbox>
			<xmin>6</xmin>
			<ymin>1</ymin>
			<xmax>320</xmax>
			<ymax>218</ymax>
		</bndbox>
	</object>
</annotation>
