<annotation>
	<folder>telefveri</folder>
	<filename>161.jpg</filename>
	<path>/home/berk/Desktop/telefveri/161.jpg</path>
	<source>
		<database>Unknown</database>
	</source>
	<size>
		<width>640</width>
		<height>360</height>
		<depth>3</depth>
	</size>
	<segmented>0</segmented>
	<object>
		<name>telef</name>
		<pose>Unspecified</pose>
		<truncated>0</truncated>
		<difficult>0</difficult>
		<bndbox>
			<xmin>42</xmin>
			<ymin>12</ymin>
			<xmax>318</xmax>
			<ymax>314</ymax>
		</bndbox>
	</object>
</annotation>
