<annotation>
	<folder>telefveri</folder>
	<filename>164.jpg</filename>
	<path>/home/berk/Desktop/telefveri/164.jpg</path>
	<source>
		<database>Unknown</database>
	</source>
	<size>
		<width>670</width>
		<height>345</height>
		<depth>3</depth>
	</size>
	<segmented>0</segmented>
	<object>
		<name>telef</name>
		<pose>Unspecified</pose>
		<truncated>1</truncated>
		<difficult>0</difficult>
		<bndbox>
			<xmin>14</xmin>
			<ymin>1</ymin>
			<xmax>591</xmax>
			<ymax>323</ymax>
		</bndbox>
	</object>
</annotation>
