<annotation>
	<folder>telefveri</folder>
	<filename>165.jpg</filename>
	<path>/home/berk/Desktop/telefveri/165.jpg</path>
	<source>
		<database>Unknown</database>
	</source>
	<size>
		<width>652</width>
		<height>279</height>
		<depth>3</depth>
	</size>
	<segmented>0</segmented>
	<object>
		<name>telef</name>
		<pose>Unspecified</pose>
		<truncated>0</truncated>
		<difficult>0</difficult>
		<bndbox>
			<xmin>7</xmin>
			<ymin>43</ymin>
			<xmax>133</xmax>
			<ymax>236</ymax>
		</bndbox>
	</object>
</annotation>
