<annotation>
	<folder>telefveri</folder>
	<filename>166.jpg</filename>
	<path>/home/berk/Desktop/telefveri/166.jpg</path>
	<source>
		<database>Unknown</database>
	</source>
	<size>
		<width>710</width>
		<height>395</height>
		<depth>3</depth>
	</size>
	<segmented>0</segmented>
	<object>
		<name>telef</name>
		<pose>Unspecified</pose>
		<truncated>0</truncated>
		<difficult>0</difficult>
		<bndbox>
			<xmin>182</xmin>
			<ymin>47</ymin>
			<xmax>651</xmax>
			<ymax>392</ymax>
		</bndbox>
	</object>
</annotation>
