<annotation>
	<folder>telefveri</folder>
	<filename>167.jpg</filename>
	<path>/home/berk/Desktop/telefveri/167.jpg</path>
	<source>
		<database>Unknown</database>
	</source>
	<size>
		<width>640</width>
		<height>336</height>
		<depth>3</depth>
	</size>
	<segmented>0</segmented>
	<object>
		<name>telef</name>
		<pose>Unspecified</pose>
		<truncated>0</truncated>
		<difficult>0</difficult>
		<bndbox>
			<xmin>117</xmin>
			<ymin>145</ymin>
			<xmax>587</xmax>
			<ymax>317</ymax>
		</bndbox>
	</object>
</annotation>
