<annotation>
	<folder>telefveri</folder>
	<filename>168.jpg</filename>
	<path>/home/berk/Desktop/telefveri/168.jpg</path>
	<source>
		<database>Unknown</database>
	</source>
	<size>
		<width>1280</width>
		<height>853</height>
		<depth>3</depth>
	</size>
	<segmented>0</segmented>
	<object>
		<name>telef</name>
		<pose>Unspecified</pose>
		<truncated>0</truncated>
		<difficult>0</difficult>
		<bndbox>
			<xmin>203</xmin>
			<ymin>491</ymin>
			<xmax>677</xmax>
			<ymax>651</ymax>
		</bndbox>
	</object>
</annotation>
