<annotation>
	<folder>telefveri</folder>
	<filename>17.jpg</filename>
	<path>/home/berk/Desktop/telefveri/17.jpg</path>
	<source>
		<database>Unknown</database>
	</source>
	<size>
		<width>540</width>
		<height>540</height>
		<depth>3</depth>
	</size>
	<segmented>0</segmented>
	<object>
		<name>telef</name>
		<pose>Unspecified</pose>
		<truncated>0</truncated>
		<difficult>0</difficult>
		<bndbox>
			<xmin>60</xmin>
			<ymin>113</ymin>
			<xmax>486</xmax>
			<ymax>359</ymax>
		</bndbox>
	</object>
</annotation>
