<annotation>
	<folder>telefveri</folder>
	<filename>171.jpeg</filename>
	<path>/home/berk/Desktop/telefveri/171.jpeg</path>
	<source>
		<database>Unknown</database>
	</source>
	<size>
		<width>720</width>
		<height>960</height>
		<depth>3</depth>
	</size>
	<segmented>0</segmented>
	<object>
		<name>telef</name>
		<pose>Unspecified</pose>
		<truncated>0</truncated>
		<difficult>0</difficult>
		<bndbox>
			<xmin>165</xmin>
			<ymin>591</ymin>
			<xmax>568</xmax>
			<ymax>759</ymax>
		</bndbox>
	</object>
</annotation>
