<annotation>
	<folder>telefveri</folder>
	<filename>172.jpg</filename>
	<path>/home/berk/Desktop/telefveri/172.jpg</path>
	<source>
		<database>Unknown</database>
	</source>
	<size>
		<width>880</width>
		<height>487</height>
		<depth>3</depth>
	</size>
	<segmented>0</segmented>
	<object>
		<name>telef</name>
		<pose>Unspecified</pose>
		<truncated>0</truncated>
		<difficult>0</difficult>
		<bndbox>
			<xmin>110</xmin>
			<ymin>53</ymin>
			<xmax>778</xmax>
			<ymax>438</ymax>
		</bndbox>
	</object>
</annotation>
