<annotation>
	<folder>telefveri</folder>
	<filename>174.jpg</filename>
	<path>/home/berk/Desktop/telefveri/174.jpg</path>
	<source>
		<database>Unknown</database>
	</source>
	<size>
		<width>620</width>
		<height>410</height>
		<depth>3</depth>
	</size>
	<segmented>0</segmented>
	<object>
		<name>telef</name>
		<pose>Unspecified</pose>
		<truncated>0</truncated>
		<difficult>0</difficult>
		<bndbox>
			<xmin>195</xmin>
			<ymin>127</ymin>
			<xmax>513</xmax>
			<ymax>402</ymax>
		</bndbox>
	</object>
</annotation>
