<annotation>
	<folder>telefveri</folder>
	<filename>175.jpg</filename>
	<path>/home/berk/Desktop/telefveri/175.jpg</path>
	<source>
		<database>Unknown</database>
	</source>
	<size>
		<width>752</width>
		<height>395</height>
		<depth>3</depth>
	</size>
	<segmented>0</segmented>
	<object>
		<name>telef</name>
		<pose>Unspecified</pose>
		<truncated>0</truncated>
		<difficult>0</difficult>
		<bndbox>
			<xmin>543</xmin>
			<ymin>232</ymin>
			<xmax>716</xmax>
			<ymax>308</ymax>
		</bndbox>
	</object>
</annotation>
