<annotation>
	<folder>telefveri</folder>
	<filename>176.jpg</filename>
	<path>/home/berk/Desktop/telefveri/176.jpg</path>
	<source>
		<database>Unknown</database>
	</source>
	<size>
		<width>960</width>
		<height>703</height>
		<depth>3</depth>
	</size>
	<segmented>0</segmented>
	<object>
		<name>telef</name>
		<pose>Unspecified</pose>
		<truncated>0</truncated>
		<difficult>0</difficult>
		<bndbox>
			<xmin>739</xmin>
			<ymin>425</ymin>
			<xmax>916</xmax>
			<ymax>514</ymax>
		</bndbox>
	</object>
</annotation>
