<annotation>
	<folder>telefveri</folder>
	<filename>177.jpg</filename>
	<path>/home/berk/Desktop/telefveri/177.jpg</path>
	<source>
		<database>Unknown</database>
	</source>
	<size>
		<width>640</width>
		<height>360</height>
		<depth>3</depth>
	</size>
	<segmented>0</segmented>
	<object>
		<name>telef</name>
		<pose>Unspecified</pose>
		<truncated>0</truncated>
		<difficult>0</difficult>
		<bndbox>
			<xmin>114</xmin>
			<ymin>77</ymin>
			<xmax>451</xmax>
			<ymax>270</ymax>
		</bndbox>
	</object>
</annotation>
