<annotation>
	<folder>telefveri</folder>
	<filename>178.jpg</filename>
	<path>/home/berk/Desktop/telefveri/178.jpg</path>
	<source>
		<database>Unknown</database>
	</source>
	<size>
		<width>618</width>
		<height>629</height>
		<depth>3</depth>
	</size>
	<segmented>0</segmented>
	<object>
		<name>telef</name>
		<pose>Unspecified</pose>
		<truncated>0</truncated>
		<difficult>0</difficult>
		<bndbox>
			<xmin>50</xmin>
			<ymin>195</ymin>
			<xmax>604</xmax>
			<ymax>405</ymax>
		</bndbox>
	</object>
</annotation>
