<annotation>
	<folder>telefveri</folder>
	<filename>179.jpg</filename>
	<path>/home/berk/Desktop/telefveri/179.jpg</path>
	<source>
		<database>Unknown</database>
	</source>
	<size>
		<width>510</width>
		<height>287</height>
		<depth>3</depth>
	</size>
	<segmented>0</segmented>
	<object>
		<name>telef</name>
		<pose>Unspecified</pose>
		<truncated>0</truncated>
		<difficult>0</difficult>
		<bndbox>
			<xmin>186</xmin>
			<ymin>46</ymin>
			<xmax>352</xmax>
			<ymax>173</ymax>
		</bndbox>
	</object>
</annotation>
