<annotation>
	<folder>telefveri</folder>
	<filename>18.jpg</filename>
	<path>/home/berk/Desktop/telefveri/18.jpg</path>
	<source>
		<database>Unknown</database>
	</source>
	<size>
		<width>480</width>
		<height>360</height>
		<depth>3</depth>
	</size>
	<segmented>0</segmented>
	<object>
		<name>telef</name>
		<pose>Unspecified</pose>
		<truncated>1</truncated>
		<difficult>0</difficult>
		<bndbox>
			<xmin>1</xmin>
			<ymin>24</ymin>
			<xmax>444</xmax>
			<ymax>289</ymax>
		</bndbox>
	</object>
</annotation>
