<annotation>
	<folder>telefveri</folder>
	<filename>180.jpg</filename>
	<path>/home/berk/Desktop/telefveri/180.jpg</path>
	<source>
		<database>Unknown</database>
	</source>
	<size>
		<width>750</width>
		<height>1016</height>
		<depth>3</depth>
	</size>
	<segmented>0</segmented>
	<object>
		<name>telef</name>
		<pose>Unspecified</pose>
		<truncated>0</truncated>
		<difficult>0</difficult>
		<bndbox>
			<xmin>36</xmin>
			<ymin>10</ymin>
			<xmax>663</xmax>
			<ymax>866</ymax>
		</bndbox>
	</object>
</annotation>
