<annotation>
	<folder>telefveri</folder>
	<filename>181.jpeg</filename>
	<path>/home/berk/Desktop/telefveri/181.jpeg</path>
	<source>
		<database>Unknown</database>
	</source>
	<size>
		<width>640</width>
		<height>1137</height>
		<depth>3</depth>
	</size>
	<segmented>0</segmented>
	<object>
		<name>telef</name>
		<pose>Unspecified</pose>
		<truncated>0</truncated>
		<difficult>0</difficult>
		<bndbox>
			<xmin>48</xmin>
			<ymin>224</ymin>
			<xmax>439</xmax>
			<ymax>1070</ymax>
		</bndbox>
	</object>
</annotation>
