<annotation>
	<folder>telefveri</folder>
	<filename>182.jpg</filename>
	<path>/home/berk/Desktop/telefveri/182.jpg</path>
	<source>
		<database>Unknown</database>
	</source>
	<size>
		<width>640</width>
		<height>854</height>
		<depth>3</depth>
	</size>
	<segmented>0</segmented>
	<object>
		<name>telef</name>
		<pose>Unspecified</pose>
		<truncated>0</truncated>
		<difficult>0</difficult>
		<bndbox>
			<xmin>174</xmin>
			<ymin>250</ymin>
			<xmax>539</xmax>
			<ymax>716</ymax>
		</bndbox>
	</object>
</annotation>
