<annotation>
	<folder>telefveri</folder>
	<filename>183.jpg</filename>
	<path>/home/berk/Desktop/telefveri/183.jpg</path>
	<source>
		<database>Unknown</database>
	</source>
	<size>
		<width>495</width>
		<height>900</height>
		<depth>3</depth>
	</size>
	<segmented>0</segmented>
	<object>
		<name>telef</name>
		<pose>Unspecified</pose>
		<truncated>0</truncated>
		<difficult>0</difficult>
		<bndbox>
			<xmin>140</xmin>
			<ymin>208</ymin>
			<xmax>494</xmax>
			<ymax>895</ymax>
		</bndbox>
	</object>
</annotation>
