<annotation>
	<folder>telefveri</folder>
	<filename>184.jpg</filename>
	<path>/home/berk/Desktop/telefveri/184.jpg</path>
	<source>
		<database>Unknown</database>
	</source>
	<size>
		<width>3072</width>
		<height>2304</height>
		<depth>3</depth>
	</size>
	<segmented>0</segmented>
	<object>
		<name>telef</name>
		<pose>Unspecified</pose>
		<truncated>0</truncated>
		<difficult>0</difficult>
		<bndbox>
			<xmin>623</xmin>
			<ymin>684</ymin>
			<xmax>2804</xmax>
			<ymax>1763</ymax>
		</bndbox>
	</object>
</annotation>
