<annotation>
	<folder>telefveri</folder>
	<filename>185.jpg</filename>
	<path>/home/berk/Desktop/telefveri/185.jpg</path>
	<source>
		<database>Unknown</database>
	</source>
	<size>
		<width>660</width>
		<height>360</height>
		<depth>3</depth>
	</size>
	<segmented>0</segmented>
	<object>
		<name>telef</name>
		<pose>Unspecified</pose>
		<truncated>0</truncated>
		<difficult>0</difficult>
		<bndbox>
			<xmin>75</xmin>
			<ymin>59</ymin>
			<xmax>630</xmax>
			<ymax>350</ymax>
		</bndbox>
	</object>
</annotation>
