<annotation>
	<folder>telefveri</folder>
	<filename>187.jpg</filename>
	<path>/home/berk/Desktop/telefveri/187.jpg</path>
	<source>
		<database>Unknown</database>
	</source>
	<size>
		<width>500</width>
		<height>375</height>
		<depth>3</depth>
	</size>
	<segmented>0</segmented>
	<object>
		<name>telef</name>
		<pose>Unspecified</pose>
		<truncated>0</truncated>
		<difficult>0</difficult>
		<bndbox>
			<xmin>153</xmin>
			<ymin>63</ymin>
			<xmax>391</xmax>
			<ymax>340</ymax>
		</bndbox>
	</object>
</annotation>
