<annotation>
	<folder>telefveri</folder>
	<filename>188.jpg</filename>
	<path>/home/berk/Desktop/telefveri/188.jpg</path>
	<source>
		<database>Unknown</database>
	</source>
	<size>
		<width>640</width>
		<height>1138</height>
		<depth>3</depth>
	</size>
	<segmented>0</segmented>
	<object>
		<name>telef</name>
		<pose>Unspecified</pose>
		<truncated>1</truncated>
		<difficult>0</difficult>
		<bndbox>
			<xmin>177</xmin>
			<ymin>306</ymin>
			<xmax>640</xmax>
			<ymax>987</ymax>
		</bndbox>
	</object>
</annotation>
