<annotation>
	<folder>telefveri</folder>
	<filename>190.jpg</filename>
	<path>/home/berk/Desktop/telefveri/190.jpg</path>
	<source>
		<database>Unknown</database>
	</source>
	<size>
		<width>0</width>
		<height>0</height>
		<depth>3</depth>
	</size>
	<segmented>0</segmented>
	<object>
		<name>telef</name>
		<pose>Unspecified</pose>
		<truncated>0</truncated>
		<difficult>0</difficult>
		<bndbox>
			<xmin>591</xmin>
			<ymin>135</ymin>
			<xmax>768</xmax>
			<ymax>301</ymax>
		</bndbox>
	</object>
</annotation>
