<annotation>
	<folder>telefveri</folder>
	<filename>191.jpg</filename>
	<path>/home/berk/Desktop/telefveri/191.jpg</path>
	<source>
		<database>Unknown</database>
	</source>
	<size>
		<width>750</width>
		<height>500</height>
		<depth>3</depth>
	</size>
	<segmented>0</segmented>
	<object>
		<name>telef</name>
		<pose>Unspecified</pose>
		<truncated>0</truncated>
		<difficult>0</difficult>
		<bndbox>
			<xmin>405</xmin>
			<ymin>111</ymin>
			<xmax>633</xmax>
			<ymax>250</ymax>
		</bndbox>
	</object>
</annotation>
