<annotation>
	<folder>telefveri</folder>
	<filename>192.jpg</filename>
	<path>/home/berk/Desktop/telefveri/192.jpg</path>
	<source>
		<database>Unknown</database>
	</source>
	<size>
		<width>630</width>
		<height>350</height>
		<depth>3</depth>
	</size>
	<segmented>0</segmented>
	<object>
		<name>telef</name>
		<pose>Unspecified</pose>
		<truncated>0</truncated>
		<difficult>0</difficult>
		<bndbox>
			<xmin>160</xmin>
			<ymin>47</ymin>
			<xmax>584</xmax>
			<ymax>243</ymax>
		</bndbox>
	</object>
</annotation>
