<annotation>
	<folder>telefveri</folder>
	<filename>193.jpeg</filename>
	<path>/home/berk/Desktop/telefveri/193.jpeg</path>
	<source>
		<database>Unknown</database>
	</source>
	<size>
		<width>336</width>
		<height>150</height>
		<depth>3</depth>
	</size>
	<segmented>0</segmented>
	<object>
		<name>telef</name>
		<pose>Unspecified</pose>
		<truncated>0</truncated>
		<difficult>0</difficult>
		<bndbox>
			<xmin>74</xmin>
			<ymin>47</ymin>
			<xmax>207</xmax>
			<ymax>104</ymax>
		</bndbox>
	</object>
</annotation>
