<annotation>
	<folder>telefveri</folder>
	<filename>194.jpg</filename>
	<path>/home/berk/Desktop/telefveri/194.jpg</path>
	<source>
		<database>Unknown</database>
	</source>
	<size>
		<width>480</width>
		<height>270</height>
		<depth>3</depth>
	</size>
	<segmented>0</segmented>
	<object>
		<name>telef</name>
		<pose>Unspecified</pose>
		<truncated>0</truncated>
		<difficult>0</difficult>
		<bndbox>
			<xmin>82</xmin>
			<ymin>51</ymin>
			<xmax>439</xmax>
			<ymax>236</ymax>
		</bndbox>
	</object>
</annotation>
