<annotation>
	<folder>telefveri</folder>
	<filename>195.jpg</filename>
	<path>/home/berk/Desktop/telefveri/195.jpg</path>
	<source>
		<database>Unknown</database>
	</source>
	<size>
		<width>855</width>
		<height>476</height>
		<depth>1</depth>
	</size>
	<segmented>0</segmented>
	<object>
		<name>telef</name>
		<pose>Unspecified</pose>
		<truncated>0</truncated>
		<difficult>0</difficult>
		<bndbox>
			<xmin>30</xmin>
			<ymin>114</ymin>
			<xmax>833</xmax>
			<ymax>395</ymax>
		</bndbox>
	</object>
</annotation>
