<annotation>
	<folder>telefveri</folder>
	<filename>196.jpg</filename>
	<path>/home/berk/Desktop/telefveri/196.jpg</path>
	<source>
		<database>Unknown</database>
	</source>
	<size>
		<width>600</width>
		<height>800</height>
		<depth>3</depth>
	</size>
	<segmented>0</segmented>
	<object>
		<name>telef</name>
		<pose>Unspecified</pose>
		<truncated>1</truncated>
		<difficult>0</difficult>
		<bndbox>
			<xmin>92</xmin>
			<ymin>212</ymin>
			<xmax>600</xmax>
			<ymax>663</ymax>
		</bndbox>
	</object>
</annotation>
