<annotation>
	<folder>telefveri</folder>
	<filename>197.jpeg</filename>
	<path>/home/berk/Desktop/telefveri/197.jpeg</path>
	<source>
		<database>Unknown</database>
	</source>
	<size>
		<width>740</width>
		<height>418</height>
		<depth>3</depth>
	</size>
	<segmented>0</segmented>
	<object>
		<name>telef</name>
		<pose>Unspecified</pose>
		<truncated>0</truncated>
		<difficult>0</difficult>
		<bndbox>
			<xmin>203</xmin>
			<ymin>170</ymin>
			<xmax>367</xmax>
			<ymax>241</ymax>
		</bndbox>
	</object>
</annotation>
