<annotation>
	<folder>telefveri</folder>
	<filename>198.jpg</filename>
	<path>/home/berk/Desktop/telefveri/198.jpg</path>
	<source>
		<database>Unknown</database>
	</source>
	<size>
		<width>640</width>
		<height>480</height>
		<depth>3</depth>
	</size>
	<segmented>0</segmented>
	<object>
		<name>telef</name>
		<pose>Unspecified</pose>
		<truncated>1</truncated>
		<difficult>0</difficult>
		<bndbox>
			<xmin>372</xmin>
			<ymin>228</ymin>
			<xmax>640</xmax>
			<ymax>426</ymax>
		</bndbox>
	</object>
</annotation>
