<annotation>
	<folder>telefveri</folder>
	<filename>2.jpeg</filename>
	<path>/home/berk/Desktop/telefveri/2.jpeg</path>
	<source>
		<database>Unknown</database>
	</source>
	<size>
		<width>259</width>
		<height>194</height>
		<depth>3</depth>
	</size>
	<segmented>0</segmented>
	<object>
		<name>telef</name>
		<pose>Unspecified</pose>
		<truncated>0</truncated>
		<difficult>0</difficult>
		<bndbox>
			<xmin>31</xmin>
			<ymin>46</ymin>
			<xmax>238</xmax>
			<ymax>140</ymax>
		</bndbox>
	</object>
</annotation>
