<annotation>
	<folder>telefveri</folder>
	<filename>20.jpeg</filename>
	<path>/home/berk/Desktop/telefveri/20.jpeg</path>
	<source>
		<database>Unknown</database>
	</source>
	<size>
		<width>750</width>
		<height>500</height>
		<depth>3</depth>
	</size>
	<segmented>0</segmented>
	<object>
		<name>telef</name>
		<pose>Unspecified</pose>
		<truncated>0</truncated>
		<difficult>0</difficult>
		<bndbox>
			<xmin>160</xmin>
			<ymin>75</ymin>
			<xmax>659</xmax>
			<ymax>448</ymax>
		</bndbox>
	</object>
</annotation>
