<annotation>
	<folder>telefveri</folder>
	<filename>200.jpg</filename>
	<path>/home/berk/Desktop/telefveri/200.jpg</path>
	<source>
		<database>Unknown</database>
	</source>
	<size>
		<width>620</width>
		<height>349</height>
		<depth>3</depth>
	</size>
	<segmented>0</segmented>
	<object>
		<name>telef</name>
		<pose>Unspecified</pose>
		<truncated>0</truncated>
		<difficult>0</difficult>
		<bndbox>
			<xmin>110</xmin>
			<ymin>7</ymin>
			<xmax>507</xmax>
			<ymax>160</ymax>
		</bndbox>
	</object>
</annotation>
