<annotation>
	<folder>telefveri</folder>
	<filename>21.jpg</filename>
	<path>/home/berk/Desktop/telefveri/21.jpg</path>
	<source>
		<database>Unknown</database>
	</source>
	<size>
		<width>596</width>
		<height>765</height>
		<depth>3</depth>
	</size>
	<segmented>0</segmented>
	<object>
		<name>telef</name>
		<pose>Unspecified</pose>
		<truncated>0</truncated>
		<difficult>0</difficult>
		<bndbox>
			<xmin>76</xmin>
			<ymin>9</ymin>
			<xmax>585</xmax>
			<ymax>617</ymax>
		</bndbox>
	</object>
</annotation>
