<annotation>
	<folder>telefveri</folder>
	<filename>22.jpeg</filename>
	<path>/home/berk/Desktop/telefveri/22.jpeg</path>
	<source>
		<database>Unknown</database>
	</source>
	<size>
		<width>606</width>
		<height>340</height>
		<depth>3</depth>
	</size>
	<segmented>0</segmented>
	<object>
		<name>telef</name>
		<pose>Unspecified</pose>
		<truncated>0</truncated>
		<difficult>0</difficult>
		<bndbox>
			<xmin>27</xmin>
			<ymin>121</ymin>
			<xmax>245</xmax>
			<ymax>264</ymax>
		</bndbox>
	</object>
</annotation>
