<annotation>
	<folder>telefveri</folder>
	<filename>23.jpg</filename>
	<path>/home/berk/Desktop/telefveri/23.jpg</path>
	<source>
		<database>Unknown</database>
	</source>
	<size>
		<width>750</width>
		<height>555</height>
		<depth>3</depth>
	</size>
	<segmented>0</segmented>
	<object>
		<name>telef</name>
		<pose>Unspecified</pose>
		<truncated>1</truncated>
		<difficult>0</difficult>
		<bndbox>
			<xmin>1</xmin>
			<ymin>97</ymin>
			<xmax>456</xmax>
			<ymax>539</ymax>
		</bndbox>
	</object>
</annotation>
