<annotation>
	<folder>telefveri</folder>
	<filename>24.jpg</filename>
	<path>/home/berk/Desktop/telefveri/24.jpg</path>
	<source>
		<database>Unknown</database>
	</source>
	<size>
		<width>500</width>
		<height>333</height>
		<depth>3</depth>
	</size>
	<segmented>0</segmented>
	<object>
		<name>telef</name>
		<pose>Unspecified</pose>
		<truncated>0</truncated>
		<difficult>0</difficult>
		<bndbox>
			<xmin>13</xmin>
			<ymin>85</ymin>
			<xmax>486</xmax>
			<ymax>262</ymax>
		</bndbox>
	</object>
</annotation>
