<annotation>
	<folder>telefveri</folder>
	<filename>25.jpg</filename>
	<path>/home/berk/Desktop/telefveri/25.jpg</path>
	<source>
		<database>Unknown</database>
	</source>
	<size>
		<width>780</width>
		<height>520</height>
		<depth>3</depth>
	</size>
	<segmented>0</segmented>
	<object>
		<name>telef</name>
		<pose>Unspecified</pose>
		<truncated>1</truncated>
		<difficult>0</difficult>
		<bndbox>
			<xmin>1</xmin>
			<ymin>143</ymin>
			<xmax>593</xmax>
			<ymax>396</ymax>
		</bndbox>
	</object>
</annotation>
