<annotation>
	<folder>telefveri</folder>
	<filename>26.jpg</filename>
	<path>/home/berk/Desktop/telefveri/26.jpg</path>
	<source>
		<database>Unknown</database>
	</source>
	<size>
		<width>480</width>
		<height>360</height>
		<depth>3</depth>
	</size>
	<segmented>0</segmented>
	<object>
		<name>telef</name>
		<pose>Unspecified</pose>
		<truncated>0</truncated>
		<difficult>0</difficult>
		<bndbox>
			<xmin>108</xmin>
			<ymin>65</ymin>
			<xmax>396</xmax>
			<ymax>295</ymax>
		</bndbox>
	</object>
</annotation>
