<annotation>
	<folder>telefveri</folder>
	<filename>27.jpeg</filename>
	<path>/home/berk/Desktop/telefveri/27.jpeg</path>
	<source>
		<database>Unknown</database>
	</source>
	<size>
		<width>299</width>
		<height>168</height>
		<depth>3</depth>
	</size>
	<segmented>0</segmented>
	<object>
		<name>telef</name>
		<pose>Unspecified</pose>
		<truncated>1</truncated>
		<difficult>0</difficult>
		<bndbox>
			<xmin>34</xmin>
			<ymin>36</ymin>
			<xmax>261</xmax>
			<ymax>168</ymax>
		</bndbox>
	</object>
</annotation>
