<annotation>
	<folder>telefveri</folder>
	<filename>28.jpeg</filename>
	<path>/home/berk/Desktop/telefveri/28.jpeg</path>
	<source>
		<database>Unknown</database>
	</source>
	<size>
		<width>265</width>
		<height>190</height>
		<depth>3</depth>
	</size>
	<segmented>0</segmented>
	<object>
		<name>telef</name>
		<pose>Unspecified</pose>
		<truncated>1</truncated>
		<difficult>0</difficult>
		<bndbox>
			<xmin>48</xmin>
			<ymin>12</ymin>
			<xmax>258</xmax>
			<ymax>190</ymax>
		</bndbox>
	</object>
</annotation>
