<annotation>
	<folder>telefveri</folder>
	<filename>3.webp</filename>
	<path>/home/berk/Desktop/telefveri/164-web_1024x1024.webp</path>
	<source>
		<database>Unknown</database>
	</source>
	<size>
		<width>1023</width>
		<height>384</height>
		<depth>3</depth>
	</size>
	<segmented>0</segmented>
	<object>
		<name>telef</name>
		<pose>Unspecified</pose>
		<truncated>0</truncated>
		<difficult>0</difficult>
		<bndbox>
			<xmin>231</xmin>
			<ymin>97</ymin>
			<xmax>1016</xmax>
			<ymax>282</ymax>
		</bndbox>
	</object>
</annotation>
