<annotation>
	<folder>telefveri</folder>
	<filename>30.jpeg</filename>
	<path>/home/berk/Desktop/telefveri/30.jpeg</path>
	<source>
		<database>Unknown</database>
	</source>
	<size>
		<width>267</width>
		<height>189</height>
		<depth>3</depth>
	</size>
	<segmented>0</segmented>
	<object>
		<name>telef</name>
		<pose>Unspecified</pose>
		<truncated>0</truncated>
		<difficult>0</difficult>
		<bndbox>
			<xmin>12</xmin>
			<ymin>38</ymin>
			<xmax>245</xmax>
			<ymax>169</ymax>
		</bndbox>
	</object>
</annotation>
