<annotation>
	<folder>telefveri</folder>
	<filename>31.jpeg</filename>
	<path>/home/berk/Desktop/telefveri/31.jpeg</path>
	<source>
		<database>Unknown</database>
	</source>
	<size>
		<width>640</width>
		<height>427</height>
		<depth>3</depth>
	</size>
	<segmented>0</segmented>
	<object>
		<name>telef</name>
		<pose>Unspecified</pose>
		<truncated>0</truncated>
		<difficult>0</difficult>
		<bndbox>
			<xmin>149</xmin>
			<ymin>251</ymin>
			<xmax>422</xmax>
			<ymax>345</ymax>
		</bndbox>
	</object>
</annotation>
