<annotation>
	<folder>telefveri</folder>
	<filename>32.jpeg</filename>
	<path>/home/berk/Desktop/telefveri/32.jpeg</path>
	<source>
		<database>Unknown</database>
	</source>
	<size>
		<width>275</width>
		<height>183</height>
		<depth>3</depth>
	</size>
	<segmented>0</segmented>
	<object>
		<name>telef</name>
		<pose>Unspecified</pose>
		<truncated>0</truncated>
		<difficult>0</difficult>
		<bndbox>
			<xmin>59</xmin>
			<ymin>111</ymin>
			<xmax>190</xmax>
			<ymax>168</ymax>
		</bndbox>
	</object>
</annotation>
