<annotation>
	<folder>telefveri</folder>
	<filename>33.jpg</filename>
	<path>/home/berk/Desktop/telefveri/33.jpg</path>
	<source>
		<database>Unknown</database>
	</source>
	<size>
		<width>600</width>
		<height>480</height>
		<depth>3</depth>
	</size>
	<segmented>0</segmented>
	<object>
		<name>telef</name>
		<pose>Unspecified</pose>
		<truncated>0</truncated>
		<difficult>0</difficult>
		<bndbox>
			<xmin>40</xmin>
			<ymin>274</ymin>
			<xmax>333</xmax>
			<ymax>402</ymax>
		</bndbox>
	</object>
</annotation>
