<annotation>
	<folder>telefveri</folder>
	<filename>35.jpeg</filename>
	<path>/home/berk/Desktop/telefveri/35.jpeg</path>
	<source>
		<database>Unknown</database>
	</source>
	<size>
		<width>300</width>
		<height>168</height>
		<depth>3</depth>
	</size>
	<segmented>0</segmented>
	<object>
		<name>telef</name>
		<pose>Unspecified</pose>
		<truncated>0</truncated>
		<difficult>0</difficult>
		<bndbox>
			<xmin>37</xmin>
			<ymin>5</ymin>
			<xmax>252</xmax>
			<ymax>161</ymax>
		</bndbox>
	</object>
</annotation>
