<annotation>
	<folder>telefveri</folder>
	<filename>36.jpeg</filename>
	<path>/home/berk/Desktop/telefveri/36.jpeg</path>
	<source>
		<database>Unknown</database>
	</source>
	<size>
		<width>300</width>
		<height>168</height>
		<depth>3</depth>
	</size>
	<segmented>0</segmented>
	<object>
		<name>telef</name>
		<pose>Unspecified</pose>
		<truncated>1</truncated>
		<difficult>0</difficult>
		<bndbox>
			<xmin>17</xmin>
			<ymin>1</ymin>
			<xmax>267</xmax>
			<ymax>157</ymax>
		</bndbox>
	</object>
</annotation>
