<annotation>
	<folder>telefveri</folder>
	<filename>37.jpg</filename>
	<path>/home/berk/Desktop/telefveri/37 2.jpg</path>
	<source>
		<database>Unknown</database>
	</source>
	<size>
		<width>638</width>
		<height>455</height>
		<depth>3</depth>
	</size>
	<segmented>0</segmented>
	<object>
		<name>telef</name>
		<pose>Unspecified</pose>
		<truncated>0</truncated>
		<difficult>0</difficult>
		<bndbox>
			<xmin>412</xmin>
			<ymin>278</ymin>
			<xmax>619</xmax>
			<ymax>397</ymax>
		</bndbox>
	</object>
</annotation>
