<annotation>
	<folder>telefveri</folder>
	<filename>39.jpeg</filename>
	<path>/home/berk/Desktop/telefveri/39 2.jpeg</path>
	<source>
		<database>Unknown</database>
	</source>
	<size>
		<width>276</width>
		<height>182</height>
		<depth>3</depth>
	</size>
	<segmented>0</segmented>
	<object>
		<name>telef</name>
		<pose>Unspecified</pose>
		<truncated>0</truncated>
		<difficult>0</difficult>
		<bndbox>
			<xmin>14</xmin>
			<ymin>19</ymin>
			<xmax>92</xmax>
			<ymax>42</ymax>
		</bndbox>
	</object>
</annotation>
