<annotation>
	<folder>telefveri</folder>
	<filename>4.jpg</filename>
	<path>/home/berk/Desktop/telefveri/4.jpg</path>
	<source>
		<database>Unknown</database>
	</source>
	<size>
		<width>364</width>
		<height>485</height>
		<depth>3</depth>
	</size>
	<segmented>0</segmented>
	<object>
		<name>telef</name>
		<pose>Unspecified</pose>
		<truncated>0</truncated>
		<difficult>0</difficult>
		<bndbox>
			<xmin>28</xmin>
			<ymin>212</ymin>
			<xmax>321</xmax>
			<ymax>405</ymax>
		</bndbox>
	</object>
</annotation>
