<annotation>
	<folder>telefveri</folder>
	<filename>40.jpeg</filename>
	<path>/home/berk/Desktop/telefveri/40.jpeg</path>
	<source>
		<database>Unknown</database>
	</source>
	<size>
		<width>301</width>
		<height>167</height>
		<depth>3</depth>
	</size>
	<segmented>0</segmented>
	<object>
		<name>telef</name>
		<pose>Unspecified</pose>
		<truncated>0</truncated>
		<difficult>0</difficult>
		<bndbox>
			<xmin>77</xmin>
			<ymin>23</ymin>
			<xmax>281</xmax>
			<ymax>118</ymax>
		</bndbox>
	</object>
</annotation>
