<annotation>
	<folder>telefveri</folder>
	<filename>41.jpeg</filename>
	<path>/home/berk/Desktop/telefveri/41.jpeg</path>
	<source>
		<database>Unknown</database>
	</source>
	<size>
		<width>297</width>
		<height>170</height>
		<depth>3</depth>
	</size>
	<segmented>0</segmented>
	<object>
		<name>telef</name>
		<pose>Unspecified</pose>
		<truncated>0</truncated>
		<difficult>0</difficult>
		<bndbox>
			<xmin>184</xmin>
			<ymin>55</ymin>
			<xmax>290</xmax>
			<ymax>101</ymax>
		</bndbox>
	</object>
</annotation>
