<annotation>
	<folder>telefveri</folder>
	<filename>42.jpeg</filename>
	<path>/home/berk/Desktop/telefveri/42 3.jpeg</path>
	<source>
		<database>Unknown</database>
	</source>
	<size>
		<width>276</width>
		<height>182</height>
		<depth>3</depth>
	</size>
	<segmented>0</segmented>
	<object>
		<name>telef</name>
		<pose>Unspecified</pose>
		<truncated>0</truncated>
		<difficult>0</difficult>
		<bndbox>
			<xmin>117</xmin>
			<ymin>37</ymin>
			<xmax>183</xmax>
			<ymax>75</ymax>
		</bndbox>
	</object>
</annotation>
