<annotation>
	<folder>telefveri</folder>
	<filename>43.jpeg</filename>
	<path>/home/berk/Desktop/telefveri/43.jpeg</path>
	<source>
		<database>Unknown</database>
	</source>
	<size>
		<width>313</width>
		<height>161</height>
		<depth>3</depth>
	</size>
	<segmented>0</segmented>
	<object>
		<name>telef</name>
		<pose>Unspecified</pose>
		<truncated>1</truncated>
		<difficult>0</difficult>
		<bndbox>
			<xmin>7</xmin>
			<ymin>1</ymin>
			<xmax>279</xmax>
			<ymax>155</ymax>
		</bndbox>
	</object>
</annotation>
