<annotation>
	<folder>telefveri</folder>
	<filename>44.jpeg</filename>
	<path>/home/berk/Desktop/telefveri/44.jpeg</path>
	<source>
		<database>Unknown</database>
	</source>
	<size>
		<width>276</width>
		<height>182</height>
		<depth>3</depth>
	</size>
	<segmented>0</segmented>
	<object>
		<name>telef</name>
		<pose>Unspecified</pose>
		<truncated>1</truncated>
		<difficult>0</difficult>
		<bndbox>
			<xmin>77</xmin>
			<ymin>4</ymin>
			<xmax>276</xmax>
			<ymax>174</ymax>
		</bndbox>
	</object>
</annotation>
