<annotation>
	<folder>telefveri</folder>
	<filename>48.jpeg</filename>
	<path>/home/berk/Desktop/telefveri/48.jpeg</path>
	<source>
		<database>Unknown</database>
	</source>
	<size>
		<width>183</width>
		<height>275</height>
		<depth>3</depth>
	</size>
	<segmented>0</segmented>
	<object>
		<name>telef</name>
		<pose>Unspecified</pose>
		<truncated>1</truncated>
		<difficult>0</difficult>
		<bndbox>
			<xmin>10</xmin>
			<ymin>170</ymin>
			<xmax>159</xmax>
			<ymax>275</ymax>
		</bndbox>
	</object>
</annotation>
