<annotation>
	<folder>telefveri</folder>
	<filename>50.jpeg</filename>
	<path>/home/berk/Desktop/telefveri/50.jpeg</path>
	<source>
		<database>Unknown</database>
	</source>
	<size>
		<width>310</width>
		<height>162</height>
		<depth>3</depth>
	</size>
	<segmented>0</segmented>
	<object>
		<name>telef</name>
		<pose>Unspecified</pose>
		<truncated>1</truncated>
		<difficult>0</difficult>
		<bndbox>
			<xmin>1</xmin>
			<ymin>21</ymin>
			<xmax>297</xmax>
			<ymax>156</ymax>
		</bndbox>
	</object>
</annotation>
