<annotation>
	<folder>telefveri</folder>
	<filename>52.jpeg</filename>
	<path>/home/berk/Desktop/telefveri/52.jpeg</path>
	<source>
		<database>Unknown</database>
	</source>
	<size>
		<width>199</width>
		<height>253</height>
		<depth>3</depth>
	</size>
	<segmented>0</segmented>
	<object>
		<name>telef</name>
		<pose>Unspecified</pose>
		<truncated>1</truncated>
		<difficult>0</difficult>
		<bndbox>
			<xmin>4</xmin>
			<ymin>1</ymin>
			<xmax>174</xmax>
			<ymax>172</ymax>
		</bndbox>
	</object>
</annotation>
