<annotation>
	<folder>telefveri</folder>
	<filename>53.jpeg</filename>
	<path>/home/berk/Desktop/telefveri/53.jpeg</path>
	<source>
		<database>Unknown</database>
	</source>
	<size>
		<width>299</width>
		<height>168</height>
		<depth>3</depth>
	</size>
	<segmented>0</segmented>
	<object>
		<name>telef</name>
		<pose>Unspecified</pose>
		<truncated>0</truncated>
		<difficult>0</difficult>
		<bndbox>
			<xmin>39</xmin>
			<ymin>44</ymin>
			<xmax>103</xmax>
			<ymax>132</ymax>
		</bndbox>
	</object>
</annotation>
