<annotation>
	<folder>telefveri</folder>
	<filename>55.jpeg</filename>
	<path>/home/berk/Desktop/telefveri/55.jpeg</path>
	<source>
		<database>Unknown</database>
	</source>
	<size>
		<width>298</width>
		<height>169</height>
		<depth>3</depth>
	</size>
	<segmented>0</segmented>
	<object>
		<name>telef</name>
		<pose>Unspecified</pose>
		<truncated>0</truncated>
		<difficult>0</difficult>
		<bndbox>
			<xmin>115</xmin>
			<ymin>40</ymin>
			<xmax>207</xmax>
			<ymax>139</ymax>
		</bndbox>
	</object>
</annotation>
