<annotation>
	<folder>telefveri</folder>
	<filename>57.jpeg</filename>
	<path>/home/berk/Desktop/telefveri/57.jpeg</path>
	<source>
		<database>Unknown</database>
	</source>
	<size>
		<width>259</width>
		<height>195</height>
		<depth>3</depth>
	</size>
	<segmented>0</segmented>
	<object>
		<name>telef</name>
		<pose>Unspecified</pose>
		<truncated>1</truncated>
		<difficult>0</difficult>
		<bndbox>
			<xmin>1</xmin>
			<ymin>29</ymin>
			<xmax>258</xmax>
			<ymax>182</ymax>
		</bndbox>
	</object>
</annotation>
