<annotation>
	<folder>telefveri</folder>
	<filename>6.jpg</filename>
	<path>/home/berk/Desktop/telefveri/6.jpg</path>
	<source>
		<database>Unknown</database>
	</source>
	<size>
		<width>660</width>
		<height>370</height>
		<depth>3</depth>
	</size>
	<segmented>0</segmented>
	<object>
		<name>telef</name>
		<pose>Unspecified</pose>
		<truncated>1</truncated>
		<difficult>0</difficult>
		<bndbox>
			<xmin>53</xmin>
			<ymin>11</ymin>
			<xmax>657</xmax>
			<ymax>370</ymax>
		</bndbox>
	</object>
</annotation>
