<annotation>
	<folder>telefveri</folder>
	<filename>64.jpg</filename>
	<path>/home/berk/Desktop/telefveri/64 2.jpg</path>
	<source>
		<database>Unknown</database>
	</source>
	<size>
		<width>600</width>
		<height>480</height>
		<depth>3</depth>
	</size>
	<segmented>0</segmented>
	<object>
		<name>telef</name>
		<pose>Unspecified</pose>
		<truncated>0</truncated>
		<difficult>0</difficult>
		<bndbox>
			<xmin>303</xmin>
			<ymin>174</ymin>
			<xmax>501</xmax>
			<ymax>241</ymax>
		</bndbox>
	</object>
</annotation>
