<annotation>
	<folder>telefveri</folder>
	<filename>65.jpeg</filename>
	<path>/home/berk/Desktop/telefveri/65.jpeg</path>
	<source>
		<database>Unknown</database>
	</source>
	<size>
		<width>436</width>
		<height>116</height>
		<depth>3</depth>
	</size>
	<segmented>0</segmented>
	<object>
		<name>telef</name>
		<pose>Unspecified</pose>
		<truncated>0</truncated>
		<difficult>0</difficult>
		<bndbox>
			<xmin>209</xmin>
			<ymin>7</ymin>
			<xmax>355</xmax>
			<ymax>101</ymax>
		</bndbox>
	</object>
</annotation>
