<annotation>
	<folder>telefveri</folder>
	<filename>66.jpeg</filename>
	<path>/home/berk/Desktop/telefveri/66.jpeg</path>
	<source>
		<database>Unknown</database>
	</source>
	<size>
		<width>225</width>
		<height>225</height>
		<depth>3</depth>
	</size>
	<segmented>0</segmented>
	<object>
		<name>telef</name>
		<pose>Unspecified</pose>
		<truncated>1</truncated>
		<difficult>0</difficult>
		<bndbox>
			<xmin>1</xmin>
			<ymin>53</ymin>
			<xmax>201</xmax>
			<ymax>175</ymax>
		</bndbox>
	</object>
</annotation>
