<annotation>
	<folder>telefveri</folder>
	<filename>67.jpeg</filename>
	<path>/home/berk/Desktop/telefveri/67.jpeg</path>
	<source>
		<database>Unknown</database>
	</source>
	<size>
		<width>316</width>
		<height>160</height>
		<depth>3</depth>
	</size>
	<segmented>0</segmented>
	<object>
		<name>telef</name>
		<pose>Unspecified</pose>
		<truncated>0</truncated>
		<difficult>0</difficult>
		<bndbox>
			<xmin>4</xmin>
			<ymin>2</ymin>
			<xmax>310</xmax>
			<ymax>159</ymax>
		</bndbox>
	</object>
</annotation>
