<annotation>
	<folder>telefveri</folder>
	<filename>68.jpeg</filename>
	<path>/home/berk/Desktop/telefveri/68.jpeg</path>
	<source>
		<database>Unknown</database>
	</source>
	<size>
		<width>269</width>
		<height>187</height>
		<depth>3</depth>
	</size>
	<segmented>0</segmented>
	<object>
		<name>telef</name>
		<pose>Unspecified</pose>
		<truncated>0</truncated>
		<difficult>0</difficult>
		<bndbox>
			<xmin>41</xmin>
			<ymin>47</ymin>
			<xmax>250</xmax>
			<ymax>167</ymax>
		</bndbox>
	</object>
</annotation>
