<annotation>
	<folder>telefveri</folder>
	<filename>7.jpeg</filename>
	<path>/home/berk/Desktop/telefveri/7.jpeg</path>
	<source>
		<database>Unknown</database>
	</source>
	<size>
		<width>299</width>
		<height>168</height>
		<depth>3</depth>
	</size>
	<segmented>0</segmented>
	<object>
		<name>telef</name>
		<pose>Unspecified</pose>
		<truncated>0</truncated>
		<difficult>0</difficult>
		<bndbox>
			<xmin>5</xmin>
			<ymin>47</ymin>
			<xmax>249</xmax>
			<ymax>143</ymax>
		</bndbox>
	</object>
</annotation>
