<annotation>
	<folder>telefveri</folder>
	<filename>70.jpg</filename>
	<path>/home/berk/Desktop/telefveri/70 3.jpg</path>
	<source>
		<database>Unknown</database>
	</source>
	<size>
		<width>600</width>
		<height>480</height>
		<depth>3</depth>
	</size>
	<segmented>0</segmented>
	<object>
		<name>telef</name>
		<pose>Unspecified</pose>
		<truncated>0</truncated>
		<difficult>0</difficult>
		<bndbox>
			<xmin>162</xmin>
			<ymin>123</ymin>
			<xmax>356</xmax>
			<ymax>194</ymax>
		</bndbox>
	</object>
</annotation>
