<annotation>
	<folder>telefveri</folder>
	<filename>71.jpeg</filename>
	<path>/home/berk/Desktop/telefveri/71 2.jpeg</path>
	<source>
		<database>Unknown</database>
	</source>
	<size>
		<width>300</width>
		<height>168</height>
		<depth>3</depth>
	</size>
	<segmented>0</segmented>
	<object>
		<name>telef</name>
		<pose>Unspecified</pose>
		<truncated>0</truncated>
		<difficult>0</difficult>
		<bndbox>
			<xmin>107</xmin>
			<ymin>74</ymin>
			<xmax>263</xmax>
			<ymax>128</ymax>
		</bndbox>
	</object>
</annotation>
