<annotation>
	<folder>telefveri</folder>
	<filename>75.jpg</filename>
	<path>/home/berk/Desktop/telefveri/75 2.jpg</path>
	<source>
		<database>Unknown</database>
	</source>
	<size>
		<width>750</width>
		<height>500</height>
		<depth>3</depth>
	</size>
	<segmented>0</segmented>
	<object>
		<name>telef</name>
		<pose>Unspecified</pose>
		<truncated>0</truncated>
		<difficult>0</difficult>
		<bndbox>
			<xmin>129</xmin>
			<ymin>123</ymin>
			<xmax>326</xmax>
			<ymax>244</ymax>
		</bndbox>
	</object>
</annotation>
