<annotation>
	<folder>telefveri</folder>
	<filename>77.png</filename>
	<path>/home/berk/Desktop/telefveri/77.png</path>
	<source>
		<database>Unknown</database>
	</source>
	<size>
		<width>580</width>
		<height>387</height>
		<depth>3</depth>
	</size>
	<segmented>0</segmented>
	<object>
		<name>telef</name>
		<pose>Unspecified</pose>
		<truncated>0</truncated>
		<difficult>0</difficult>
		<bndbox>
			<xmin>99</xmin>
			<ymin>63</ymin>
			<xmax>522</xmax>
			<ymax>294</ymax>
		</bndbox>
	</object>
</annotation>
