<annotation>
	<folder>telefveri</folder>
	<filename>78.jpg</filename>
	<path>/home/berk/Desktop/telefveri/78.jpg</path>
	<source>
		<database>Unknown</database>
	</source>
	<size>
		<width>750</width>
		<height>500</height>
		<depth>3</depth>
	</size>
	<segmented>0</segmented>
	<object>
		<name>telef</name>
		<pose>Unspecified</pose>
		<truncated>0</truncated>
		<difficult>0</difficult>
		<bndbox>
			<xmin>220</xmin>
			<ymin>49</ymin>
			<xmax>438</xmax>
			<ymax>189</ymax>
		</bndbox>
	</object>
</annotation>
