<annotation>
	<folder>telefveri</folder>
	<filename>79.jpg</filename>
	<path>/home/berk/Desktop/telefveri/79 4.jpg</path>
	<source>
		<database>Unknown</database>
	</source>
	<size>
		<width>750</width>
		<height>500</height>
		<depth>3</depth>
	</size>
	<segmented>0</segmented>
	<object>
		<name>telef</name>
		<pose>Unspecified</pose>
		<truncated>0</truncated>
		<difficult>0</difficult>
		<bndbox>
			<xmin>305</xmin>
			<ymin>39</ymin>
			<xmax>474</xmax>
			<ymax>109</ymax>
		</bndbox>
	</object>
</annotation>
