<annotation>
	<folder>telefveri</folder>
	<filename>8.jpg</filename>
	<path>/home/berk/Desktop/telefveri/67250272_620x410.jpg</path>
	<source>
		<database>Unknown</database>
	</source>
	<size>
		<width>620</width>
		<height>410</height>
		<depth>3</depth>
	</size>
	<segmented>0</segmented>
	<object>
		<name>telef</name>
		<pose>Unspecified</pose>
		<truncated>1</truncated>
		<difficult>0</difficult>
		<bndbox>
			<xmin>65</xmin>
			<ymin>32</ymin>
			<xmax>620</xmax>
			<ymax>406</ymax>
		</bndbox>
	</object>
</annotation>
