<annotation>
	<folder>telefveri</folder>
	<filename>80.jpg</filename>
	<path>/home/berk/Desktop/telefveri/80.jpg</path>
	<source>
		<database>Unknown</database>
	</source>
	<size>
		<width>750</width>
		<height>500</height>
		<depth>3</depth>
	</size>
	<segmented>0</segmented>
	<object>
		<name>telef</name>
		<pose>Unspecified</pose>
		<truncated>0</truncated>
		<difficult>0</difficult>
		<bndbox>
			<xmin>460</xmin>
			<ymin>110</ymin>
			<xmax>636</xmax>
			<ymax>261</ymax>
		</bndbox>
	</object>
</annotation>
