<annotation>
	<folder>telefveri</folder>
	<filename>81.jpg</filename>
	<path>/home/berk/Desktop/telefveri/81 5.jpg</path>
	<source>
		<database>Unknown</database>
	</source>
	<size>
		<width>750</width>
		<height>500</height>
		<depth>3</depth>
	</size>
	<segmented>0</segmented>
	<object>
		<name>telef</name>
		<pose>Unspecified</pose>
		<truncated>0</truncated>
		<difficult>0</difficult>
		<bndbox>
			<xmin>67</xmin>
			<ymin>201</ymin>
			<xmax>417</xmax>
			<ymax>387</ymax>
		</bndbox>
	</object>
</annotation>
