<annotation>
	<folder>telefveri</folder>
	<filename>82.jpg</filename>
	<path>/home/berk/Desktop/telefveri/82.jpg</path>
	<source>
		<database>Unknown</database>
	</source>
	<size>
		<width>660</width>
		<height>323</height>
		<depth>3</depth>
	</size>
	<segmented>0</segmented>
	<object>
		<name>telef</name>
		<pose>Unspecified</pose>
		<truncated>0</truncated>
		<difficult>0</difficult>
		<bndbox>
			<xmin>298</xmin>
			<ymin>83</ymin>
			<xmax>434</xmax>
			<ymax>322</ymax>
		</bndbox>
	</object>
</annotation>
