<annotation>
	<folder>telefveri</folder>
	<filename>83.jpg</filename>
	<path>/home/berk/Desktop/telefveri/83.jpg</path>
	<source>
		<database>Unknown</database>
	</source>
	<size>
		<width>540</width>
		<height>416</height>
		<depth>3</depth>
	</size>
	<segmented>0</segmented>
	<object>
		<name>telef</name>
		<pose>Unspecified</pose>
		<truncated>0</truncated>
		<difficult>0</difficult>
		<bndbox>
			<xmin>113</xmin>
			<ymin>62</ymin>
			<xmax>465</xmax>
			<ymax>296</ymax>
		</bndbox>
	</object>
</annotation>
