<annotation>
	<folder>telefveri</folder>
	<filename>86.jpg</filename>
	<path>/home/berk/Desktop/telefveri/86 3.jpg</path>
	<source>
		<database>Unknown</database>
	</source>
	<size>
		<width>620</width>
		<height>410</height>
		<depth>3</depth>
	</size>
	<segmented>0</segmented>
	<object>
		<name>telef</name>
		<pose>Unspecified</pose>
		<truncated>0</truncated>
		<difficult>0</difficult>
		<bndbox>
			<xmin>263</xmin>
			<ymin>86</ymin>
			<xmax>419</xmax>
			<ymax>169</ymax>
		</bndbox>
	</object>
</annotation>
