<annotation>
	<folder>telefveri</folder>
	<filename>9.jpg</filename>
	<path>/home/berk/Desktop/telefveri/105512770-a-fox-killed-by-a-car-at-an-asphalt-road-dead-forest-animals-by-the-roads-season-of-the-summer-.jpg</path>
	<source>
		<database>Unknown</database>
	</source>
	<size>
		<width>1300</width>
		<height>866</height>
		<depth>3</depth>
	</size>
	<segmented>0</segmented>
	<object>
		<name>telef</name>
		<pose>Unspecified</pose>
		<truncated>0</truncated>
		<difficult>0</difficult>
		<bndbox>
			<xmin>286</xmin>
			<ymin>249</ymin>
			<xmax>1030</xmax>
			<ymax>618</ymax>
		</bndbox>
	</object>
</annotation>
