<annotation>
	<folder>telefveri</folder>
	<filename>90.jpeg</filename>
	<path>/home/berk/Desktop/telefveri/90.jpeg</path>
	<source>
		<database>Unknown</database>
	</source>
	<size>
		<width>265</width>
		<height>190</height>
		<depth>3</depth>
	</size>
	<segmented>0</segmented>
	<object>
		<name>telef</name>
		<pose>Unspecified</pose>
		<truncated>0</truncated>
		<difficult>0</difficult>
		<bndbox>
			<xmin>56</xmin>
			<ymin>57</ymin>
			<xmax>193</xmax>
			<ymax>117</ymax>
		</bndbox>
	</object>
</annotation>
