<annotation>
	<folder>telefveri</folder>
	<filename>91.jpeg</filename>
	<path>/home/berk/Desktop/telefveri/91.jpeg</path>
	<source>
		<database>Unknown</database>
	</source>
	<size>
		<width>275</width>
		<height>183</height>
		<depth>3</depth>
	</size>
	<segmented>0</segmented>
	<object>
		<name>telef</name>
		<pose>Unspecified</pose>
		<truncated>0</truncated>
		<difficult>0</difficult>
		<bndbox>
			<xmin>99</xmin>
			<ymin>114</ymin>
			<xmax>163</xmax>
			<ymax>164</ymax>
		</bndbox>
	</object>
</annotation>
