<annotation>
	<folder>telefveri</folder>
	<filename>92.jpg</filename>
	<path>/home/berk/Desktop/telefveri/92 5.jpg</path>
	<source>
		<database>Unknown</database>
	</source>
	<size>
		<width>620</width>
		<height>410</height>
		<depth>3</depth>
	</size>
	<segmented>0</segmented>
	<object>
		<name>telef</name>
		<pose>Unspecified</pose>
		<truncated>0</truncated>
		<difficult>0</difficult>
		<bndbox>
			<xmin>463</xmin>
			<ymin>83</ymin>
			<xmax>598</xmax>
			<ymax>130</ymax>
		</bndbox>
	</object>
</annotation>
