<annotation>
	<folder>telefveri</folder>
	<filename>93.jpg</filename>
	<path>/home/berk/Desktop/telefveri/93.jpg</path>
	<source>
		<database>Unknown</database>
	</source>
	<size>
		<width>590</width>
		<height>332</height>
		<depth>3</depth>
	</size>
	<segmented>0</segmented>
	<object>
		<name>telef</name>
		<pose>Unspecified</pose>
		<truncated>0</truncated>
		<difficult>0</difficult>
		<bndbox>
			<xmin>249</xmin>
			<ymin>193</ymin>
			<xmax>464</xmax>
			<ymax>331</ymax>
		</bndbox>
	</object>
</annotation>
