<annotation>
	<folder>telefveri</folder>
	<filename>94.jpg</filename>
	<path>/home/berk/Desktop/telefveri/94 2.jpg</path>
	<source>
		<database>Unknown</database>
	</source>
	<size>
		<width>590</width>
		<height>332</height>
		<depth>3</depth>
	</size>
	<segmented>0</segmented>
	<object>
		<name>telef</name>
		<pose>Unspecified</pose>
		<truncated>0</truncated>
		<difficult>0</difficult>
		<bndbox>
			<xmin>124</xmin>
			<ymin>45</ymin>
			<xmax>298</xmax>
			<ymax>182</ymax>
		</bndbox>
	</object>
</annotation>
