<annotation>
	<folder>telefveri</folder>
	<filename>95.jpg</filename>
	<path>/home/berk/Desktop/telefveri/95 3.jpg</path>
	<source>
		<database>Unknown</database>
	</source>
	<size>
		<width>590</width>
		<height>332</height>
		<depth>3</depth>
	</size>
	<segmented>0</segmented>
	<object>
		<name>telef</name>
		<pose>Unspecified</pose>
		<truncated>1</truncated>
		<difficult>0</difficult>
		<bndbox>
			<xmin>277</xmin>
			<ymin>1</ymin>
			<xmax>470</xmax>
			<ymax>85</ymax>
		</bndbox>
	</object>
</annotation>
