<annotation>
	<folder>telefveri</folder>
	<filename>96.jpg</filename>
	<path>/home/berk/Desktop/telefveri/96 4.jpg</path>
	<source>
		<database>Unknown</database>
	</source>
	<size>
		<width>590</width>
		<height>332</height>
		<depth>3</depth>
	</size>
	<segmented>0</segmented>
	<object>
		<name>telef</name>
		<pose>Unspecified</pose>
		<truncated>0</truncated>
		<difficult>0</difficult>
		<bndbox>
			<xmin>263</xmin>
			<ymin>75</ymin>
			<xmax>514</xmax>
			<ymax>192</ymax>
		</bndbox>
	</object>
</annotation>
